{
  "generatedAt": "2026-03-23T11:55:18.587Z",
  "reports": [
    {
      "minutes": 5,
      "avgCpuDropPct": 42.58797385866049,
      "peakFrameDropPct": 30.76923076923077,
      "gatePass": true,
      "baseline": {
        "profile": "baseline",
        "semanticsHash": "630ba171365b85a17c045357a7701196f292c03c2679e6d3fcd1571fa843e2cf",
        "integrity": {
          "missingAgentMessages": [],
          "missingReasoningItems": [],
          "missingToolOutputs": [],
          "stuckProcessingThreads": []
        },
        "metrics": {
          "totalEvents": 1620,
          "totalActions": 5040,
          "wallTimeMs": 133.3535,
          "cpuTimeMs": 213.302,
          "p95ActionMs": 0.12008400000001984,
          "maxActionMs": 0.9339580000000183,
          "averageActionsPerFrame": 28,
          "peakActionsPerFrame": 52
        }
      },
      "optimized": {
        "profile": "optimized",
        "semanticsHash": "630ba171365b85a17c045357a7701196f292c03c2679e6d3fcd1571fa843e2cf",
        "integrity": {
          "missingAgentMessages": [],
          "missingReasoningItems": [],
          "missingToolOutputs": [],
          "stuckProcessingThreads": []
        },
        "metrics": {
          "totalEvents": 1620,
          "totalActions": 3600,
          "wallTimeMs": 113.1321670000001,
          "cpuTimeMs": 122.461,
          "p95ActionMs": 0.11637500000006185,
          "maxActionMs": 0.3784170000000131,
          "averageActionsPerFrame": 20,
          "peakActionsPerFrame": 36
        }
      }
    },
    {
      "minutes": 60,
      "avgCpuDropPct": 0.38773324322337654,
      "peakFrameDropPct": 30.76923076923077,
      "gatePass": true,
      "baseline": {
        "profile": "baseline",
        "semanticsHash": "50c26c147817e8ad212543f8bce1a9aa69e5fbbd523a90fe519d96c35b29fd51",
        "integrity": {
          "missingAgentMessages": [],
          "missingReasoningItems": [],
          "missingToolOutputs": [],
          "stuckProcessingThreads": []
        },
        "metrics": {
          "totalEvents": 19440,
          "totalActions": 60480,
          "wallTimeMs": 15474.368416000001,
          "cpuTimeMs": 15589.842,
          "p95ActionMs": 1.3415829999994457,
          "maxActionMs": 2.41150000000016,
          "averageActionsPerFrame": 28,
          "peakActionsPerFrame": 52
        }
      },
      "optimized": {
        "profile": "optimized",
        "semanticsHash": "50c26c147817e8ad212543f8bce1a9aa69e5fbbd523a90fe519d96c35b29fd51",
        "integrity": {
          "missingAgentMessages": [],
          "missingReasoningItems": [],
          "missingToolOutputs": [],
          "stuckProcessingThreads": []
        },
        "metrics": {
          "totalEvents": 19440,
          "totalActions": 43200,
          "wallTimeMs": 15424.046042,
          "cpuTimeMs": 15529.395,
          "p95ActionMs": 1.4206250000024738,
          "maxActionMs": 2.4261660000011034,
          "averageActionsPerFrame": 20,
          "peakActionsPerFrame": 36
        }
      }
    }
  ]
}